season,batter,batsman_runs,ball,run_rate
2007/08,A Symonds,161,111,8.702702702702704
2007/08,AB de Villiers,95,100,5.699999999999999
2007/08,AC Gilchrist,436,328,7.975609756097562
2007/08,AM Nayar,206,142,8.704225352112676
2007/08,AM Rahane,4,19,1.263157894736842
2007/08,BB McCullum,188,96,11.75
2007/08,BJ Hodge,12,18,4.0
2007/08,CL White,114,105,6.514285714285714
2007/08,DJ Bravo,178,137,7.795620437956204
2007/08,DJ Hussey,319,267,7.168539325842697
2007/08,DPMD Jayawardene,179,138,7.782608695652174
2007/08,DR Smith,45,41,6.585365853658537
2007/08,G Gambhir,534,394,8.131979695431472
2007/08,GC Smith,441,375,7.055999999999999
2007/08,HH Gibbs,167,159,6.30188679245283
2007/08,Harbhajan Singh,30,17,10.588235294117647
2007/08,IK Pathan,131,120,6.549999999999999
2007/08,JA Morkel,241,168,8.607142857142858
2007/08,JH Kallis,199,188,6.351063829787234
2007/08,KC Sangakkara,320,207,9.27536231884058
2007/08,KD Karthik,145,108,8.055555555555555
2007/08,LRPL Taylor,149,85,10.51764705882353
2007/08,MEK Hussey,168,100,10.08
2007/08,MK Pandey,3,10,1.7999999999999998
2007/08,MK Tiwary,104,87,7.172413793103448
2007/08,ML Hayden,189,135,8.399999999999999
2007/08,MS Dhoni,414,319,7.786833855799374
2007/08,PA Patel,302,315,5.752380952380952
2007/08,PP Chawla,90,61,8.852459016393443
2007/08,R Dravid,371,299,7.4448160535117065
2007/08,RA Jadeja,135,108,7.5
2007/08,RG Sharma,404,276,8.782608695652174
2007/08,RV Uthappa,320,291,6.5979381443298974
2007/08,S Badrinath,192,138,8.347826086956522
2007/08,S Dhawan,340,308,6.623376623376624
2007/08,SC Ganguly,349,324,6.462962962962962
2007/08,SE Marsh,616,452,8.176991150442477
2007/08,SK Raina,421,304,8.30921052631579
2007/08,SR Tendulkar,188,189,5.968253968253968
2007/08,SR Watson,472,322,8.795031055900623
2007/08,SS Tiwary,26,20,7.800000000000001
2007/08,ST Jayasuriya,514,333,9.26126126126126
2007/08,TM Dilshan,104,79,7.898734177215189
2007/08,V Kohli,165,168,5.892857142857142
2007/08,V Sehwag,406,229,10.637554585152838
2007/08,WP Saha,159,119,8.016806722689076
2007/08,Y Venugopal Rao,288,217,7.9631336405529956
2007/08,YK Pathan,435,253,10.316205533596838
2007/08,Yuvraj Singh,299,191,9.392670157068062
2009,A Symonds,249,171,8.736842105263158
2009,AB de Villiers,465,359,7.77158774373259
2009,AC Gilchrist,495,337,8.813056379821958
2009,AD Mathews,16,14,6.857142857142857
2009,AM Nayar,193,155,7.470967741935484
2009,AM Rahane,144,128,6.75
2009,BB McCullum,286,248,6.919354838709678
2009,BJ Hodge,365,317,6.908517350157728
2009,CH Gayle,184,159,6.943396226415095
2009,DA Warner,163,137,7.138686131386861
2009,DJ Bravo,218,211,6.199052132701421
2009,DJ Hussey,98,61,9.639344262295083
2009,DPMD Jayawardene,219,172,7.6395348837209305
2009,DR Smith,215,134,9.626865671641792
2009,G Gambhir,286,283,6.063604240282686
2009,GC Smith,212,222,5.72972972972973
2009,GJ Bailey,45,40,6.75
2009,HH Gibbs,371,344,6.470930232558139
2009,Harbhajan Singh,84,57,8.842105263157894
2009,IK Pathan,196,164,7.170731707317072
2009,JA Morkel,97,73,7.972602739726027
2009,JD Ryder,56,49,6.857142857142857
2009,JH Kallis,361,349,6.206303724928366
2009,JP Duminy,372,334,6.682634730538922
2009,KC Sangakkara,332,332,6.0
2009,KD Karthik,288,224,7.714285714285715
2009,KP Pietersen,93,89,6.269662921348315
2009,LRPL Taylor,280,211,7.962085308056872
2009,M Manhas,75,65,6.9230769230769225
2009,M Vijay,60,69,5.217391304347826
2009,MC Henriques,38,40,5.699999999999999
2009,MK Pandey,168,120,8.399999999999999
2009,MK Tiwary,9,13,4.153846153846153
2009,ML Hayden,572,409,8.39119804400978
2009,MS Dhoni,332,270,7.377777777777778
2009,NV Ojha,168,145,6.951724137931035
2009,PA Patel,142,131,6.5038167938931295
2009,PC Valthaty,6,12,3.0
2009,PP Chawla,31,39,4.769230769230769
2009,R Ashwin,8,15,3.2
2009,R Dravid,271,239,6.8033472803347275
2009,RA Jadeja,295,276,6.41304347826087
2009,RG Sharma,362,323,6.724458204334366
2009,RS Bopara,138,124,6.677419354838709
2009,RV Uthappa,175,177,5.932203389830509
2009,S Badrinath,177,166,6.397590361445783
2009,S Dhawan,40,46,5.217391304347826
2009,SC Ganguly,189,213,5.323943661971831
2009,SK Raina,434,318,8.18867924528302
2009,SR Tendulkar,364,315,6.933333333333333
2009,SS Tiwary,13,12,6.5
2009,ST Jayasuriya,221,205,6.46829268292683
2009,TL Suman,237,193,7.367875647668393
2009,TM Dilshan,418,357,7.025210084033613
2009,V Kohli,246,225,6.56
2009,V Sehwag,198,146,8.136986301369863
2009,WP Saha,72,41,10.536585365853659
2009,Y Venugopal Rao,124,118,6.305084745762713
2009,YK Pathan,261,192,8.15625
2009,Yuvraj Singh,340,317,6.435331230283912
2009/10,A Symonds,429,356,7.230337078651685
2009/10,AB de Villiers,111,123,5.414634146341464
2009/10,AC Gilchrist,289,200,8.67
2009/10,AD Mathews,233,197,7.096446700507615
2009/10,AJ Finch,21,21,6.0
2009/10,AM Nayar,58,51,6.823529411764706
2009/10,AT Rayudu,356,258,8.279069767441861
2009/10,BB McCullum,114,117,5.846153846153846
2009/10,BJ Hodge,99,95,6.252631578947367
2009/10,CH Gayle,292,197,8.893401015228427
2009/10,CL White,48,33,8.727272727272727
2009/10,DA Warner,282,195,8.676923076923076
2009/10,DJ Bravo,61,53,6.90566037735849
2009/10,DJ Hussey,94,89,6.337078651685393
2009/10,DPMD Jayawardene,445,312,8.557692307692308
2009/10,DR Smith,22,25,5.28
2009/10,EJG Morgan,35,31,6.774193548387098
2009/10,G Gambhir,277,223,7.452914798206278
2009/10,GC Smith,44,40,6.6000000000000005
2009/10,GJ Bailey,18,27,4.0
2009/10,HH Gibbs,267,243,6.592592592592593
2009/10,Harbhajan Singh,105,64,9.84375
2009/10,IK Pathan,276,188,8.808510638297872
2009/10,JA Morkel,199,135,8.844444444444445
2009/10,JH Kallis,572,517,6.638297872340425
2009/10,JP Duminy,157,134,7.029850746268656
2009/10,KA Pollard,273,152,10.776315789473685
2009/10,KC Sangakkara,357,260,8.23846153846154
2009/10,KD Karthik,278,242,6.892561983471074
2009/10,KM Jadhav,76,60,7.6
2009/10,KP Pietersen,236,159,8.90566037735849
2009/10,LRPL Taylor,88,77,6.857142857142857
2009/10,M Manhas,157,151,6.23841059602649
2009/10,M Vijay,458,305,9.00983606557377
2009/10,MC Henriques,11,5,13.200000000000001
2009/10,MEK Hussey,37,44,5.045454545454546
2009/10,MK Pandey,249,233,6.412017167381975
2009/10,MK Tiwary,237,192,7.40625
2009/10,ML Hayden,346,295,7.03728813559322
2009/10,MR Marsh,28,31,5.419354838709677
2009/10,MS Bisla,218,189,6.920634920634921
2009/10,MS Dhoni,287,215,8.009302325581396
2009/10,Mandeep Singh,4,11,2.1818181818181817
2009/10,NV Ojha,377,294,7.6938775510204085
2009/10,OA Shah,115,96,7.1875
2009/10,PA Patel,72,83,5.204819277108434
2009/10,PP Chawla,62,63,5.904761904761904
2009/10,R Ashwin,30,40,4.5
2009/10,R Dravid,256,203,7.566502463054187
2009/10,RG Sharma,404,310,7.819354838709677
2009/10,RS Bopara,248,223,6.6726457399103145
2009/10,RV Uthappa,374,224,10.017857142857142
2009/10,S Badrinath,356,310,6.890322580645162
2009/10,S Dhawan,191,180,6.366666666666667
2009/10,SC Ganguly,493,440,6.722727272727273
2009/10,SE Marsh,147,117,7.538461538461538
2009/10,SK Raina,528,387,8.186046511627907
2009/10,SR Tendulkar,618,489,7.582822085889571
2009/10,SR Watson,185,117,9.487179487179487
2009/10,SS Tiwary,419,319,7.8808777429467085
2009/10,ST Jayasuriya,33,35,5.657142857142857
2009/10,STR Binny,8,5,9.600000000000001
2009/10,TL Suman,307,264,6.977272727272727
2009/10,TM Dilshan,44,55,4.800000000000001
2009/10,V Kohli,307,216,8.527777777777779
2009/10,V Sehwag,356,227,9.409691629955947
2009/10,WP Saha,67,53,7.584905660377358
2009/10,Y Venugopal Rao,34,44,4.636363636363637
2009/10,YK Pathan,333,210,9.514285714285714
2009/10,Yuvraj Singh,259,206,7.54368932038835
2011,A Symonds,135,143,5.664335664335664
2011,AB de Villiers,312,248,7.548387096774194
2011,AC Gilchrist,383,309,7.436893203883495
2011,AJ Finch,47,51,5.529411764705882
2011,AM Nayar,61,67,5.462686567164178
2011,AM Rahane,120,99,7.272727272727273
2011,AT Rayudu,395,355,6.67605633802817
2011,BB McCullum,357,292,7.335616438356164
2011,BJ Hodge,285,245,6.979591836734693
2011,CH Gayle,608,342,10.666666666666666
2011,CL White,104,109,5.724770642201835
2011,DA Warner,324,281,6.918149466192171
2011,DJ Bravo,11,6,11.0
2011,DJ Hussey,64,65,5.907692307692308
2011,DPMD Jayawardene,299,272,6.595588235294118
2011,EJG Morgan,137,123,6.682926829268292
2011,G Gambhir,378,332,6.831325301204819
2011,GC Smith,42,54,4.666666666666667
2011,Harbhajan Singh,103,74,8.35135135135135
2011,IK Pathan,150,146,6.164383561643836
2011,JA Morkel,138,108,7.666666666666666
2011,JD Ryder,292,201,8.716417910447761
2011,JH Kallis,424,386,6.590673575129533
2011,JP Duminy,205,176,6.988636363636363
2011,KA Pollard,146,141,6.212765957446808
2011,KC Sangakkara,358,298,7.208053691275167
2011,KD Karthik,282,225,7.5200000000000005
2011,KM Jadhav,18,23,4.695652173913044
2011,LRPL Taylor,181,158,6.873417721518988
2011,M Manhas,114,128,5.34375
2011,M Vijay,434,349,7.461318051575931
2011,MA Agarwal,141,129,6.55813953488372
2011,MEK Hussey,492,423,6.978723404255319
2011,MK Pandey,246,233,6.334763948497854
2011,MK Tiwary,359,336,6.410714285714286
2011,MR Marsh,50,50,6.0
2011,MS Bisla,72,90,4.800000000000001
2011,MS Dhoni,392,247,9.522267206477734
2011,Mandeep Singh,47,42,6.714285714285714
2011,NV Ojha,160,169,5.680473372781065
2011,OA Shah,26,16,9.75
2011,PA Patel,202,189,6.412698412698413
2011,PC Valthaty,463,351,7.914529914529915
2011,PP Chawla,48,55,5.236363636363636
2011,R Ashwin,2,6,2.0
2011,R Dravid,343,320,6.4312499999999995
2011,RA Jadeja,283,234,7.2564102564102555
2011,RG Sharma,372,304,7.342105263157894
2011,RV Uthappa,264,215,7.367441860465117
2011,S Badrinath,396,320,7.425000000000001
2011,S Dhawan,400,315,7.619047619047619
2011,SC Ganguly,50,61,4.918032786885246
2011,SE Marsh,504,349,8.664756446991404
2011,SK Raina,438,335,7.844776119402985
2011,SR Tendulkar,553,511,6.493150684931507
2011,SR Watson,330,256,7.734375
2011,SS Tiwary,187,196,5.724489795918368
2011,STR Binny,37,31,7.161290322580646
2011,Shakib Al Hasan,29,23,7.565217391304348
2011,TL Suman,65,53,7.3584905660377355
2011,TM Dilshan,226,185,7.3297297297297295
2011,V Kohli,557,473,7.06553911205074
2011,V Sehwag,424,247,10.299595141700404
2011,WP Saha,68,67,6.08955223880597
2011,Y Venugopal Rao,336,292,6.904109589041095
2011,YK Pathan,283,205,8.282926829268291
2011,Yuvraj Singh,343,269,7.650557620817844
2012,AB de Villiers,319,203,9.428571428571429
2012,AC Gilchrist,172,147,7.020408163265306
2012,AD Mathews,127,110,6.927272727272728
2012,AD Russell,47,27,10.444444444444445
2012,AJ Finch,55,52,6.346153846153847
2012,AM Nayar,45,49,5.510204081632653
2012,AM Rahane,560,448,7.5
2012,AT Rayudu,333,261,7.655172413793104
2012,BB McCullum,289,287,6.041811846689895
2012,BJ Hodge,245,180,8.166666666666668
2012,CA Lynn,6,10,3.5999999999999996
2012,CH Gayle,733,472,9.317796610169491
2012,CL White,479,327,8.788990825688073
2012,DA Miller,98,76,7.7368421052631575
2012,DA Warner,256,161,9.540372670807454
2012,DJ Bravo,371,271,8.214022140221402
2012,DJ Hussey,396,313,7.5910543130990416
2012,DPMD Jayawardene,335,306,6.568627450980393
2012,DR Smith,157,102,9.23529411764706
2012,F du Plessis,398,310,7.703225806451613
2012,G Gambhir,590,429,8.251748251748252
2012,GJ Maxwell,6,11,3.2727272727272725
2012,Gurkeerat Singh,86,54,9.555555555555555
2012,HH Gibbs,81,91,5.34065934065934
2012,Harbhajan Singh,108,82,7.902439024390244
2012,IK Pathan,176,133,7.93984962406015
2012,JA Morkel,107,71,9.04225352112676
2012,JD Ryder,256,216,7.111111111111111
2012,JH Kallis,409,393,6.244274809160305
2012,JP Duminy,244,195,7.507692307692308
2012,JP Faulkner,14,14,6.0
2012,KA Pollard,220,163,8.098159509202453
2012,KC Sangakkara,200,190,6.315789473684211
2012,KD Karthik,238,217,6.580645161290322
2012,KP Pietersen,305,210,8.714285714285714
2012,LRPL Taylor,197,177,6.677966101694915
2012,M Manhas,120,99,7.272727272727273
2012,M Vijay,336,273,7.384615384615385
2012,MA Agarwal,225,164,8.231707317073171
2012,MEK Hussey,261,241,6.4979253112033195
2012,MK Pandey,143,115,7.460869565217391
2012,MK Tiwary,260,251,6.2151394422310755
2012,MS Bisla,213,171,7.473684210526317
2012,MS Dhoni,358,283,7.5901060070671384
2012,Mandeep Singh,432,349,7.426934097421203
2012,NV Ojha,255,230,6.6521739130434785
2012,OA Shah,340,269,7.58364312267658
2012,PA Patel,194,166,7.0120481927710845
2012,PC Valthaty,30,52,3.4615384615384612
2012,PP Chawla,106,88,7.2272727272727275
2012,R Ashwin,18,15,7.199999999999999
2012,R Dravid,462,424,6.537735849056603
2012,RA Jadeja,191,153,7.490196078431373
2012,RG Sharma,433,350,7.422857142857143
2012,RV Uthappa,405,357,6.80672268907563
2012,S Badrinath,196,188,6.25531914893617
2012,S Dhawan,569,448,7.620535714285715
2012,SA Yadav,0,4,0.0
2012,SC Ganguly,268,288,5.583333333333334
2012,SE Marsh,336,288,7.0
2012,SK Raina,441,335,7.898507462686567
2012,SP Narine,9,8,6.75
2012,SPD Smith,362,272,7.985294117647058
2012,SR Tendulkar,324,297,6.545454545454545
2012,SR Watson,255,171,8.947368421052632
2012,SS Tiwary,191,173,6.624277456647399
2012,STR Binny,90,70,7.714285714285715
2012,Shakib Al Hasan,91,77,7.090909090909092
2012,TL Suman,15,19,4.7368421052631575
2012,TM Dilshan,285,274,6.240875912408759
2012,V Kohli,364,333,6.558558558558559
2012,V Sehwag,495,317,9.369085173501578
2012,WP Saha,6,14,2.571428571428571
2012,Y Venugopal Rao,132,129,6.1395348837209305
2012,YK Pathan,194,179,6.502793296089386
2013,AB de Villiers,373,226,9.902654867256636
2013,AC Gilchrist,294,234,7.538461538461538
2013,AD Mathews,172,141,7.319148936170213
2013,AD Russell,11,15,4.3999999999999995
2013,AJ Finch,456,344,7.953488372093023
2013,AM Nayar,66,74,5.351351351351351
2013,AM Rahane,488,472,6.203389830508474
2013,AT Rayudu,265,235,6.76595744680851
2013,BB McCullum,6,7,5.142857142857142
2013,BJ Hodge,293,224,7.848214285714285
2013,CH Gayle,720,484,8.925619834710744
2013,CH Morris,14,17,4.9411764705882355
2013,CL White,226,200,6.779999999999999
2013,DA Miller,418,257,9.75875486381323
2013,DA Warner,410,333,7.387387387387387
2013,DJ Bravo,121,112,6.482142857142857
2013,DJ Hussey,235,210,6.714285714285714
2013,DPMD Jayawardene,331,322,6.167701863354037
2013,DR Smith,418,351,7.145299145299146
2013,EJG Morgan,307,250,7.368
2013,G Gambhir,406,354,6.881355932203389
2013,GJ Maxwell,36,27,8.0
2013,Gurkeerat Singh,108,98,6.612244897959183
2013,Harbhajan Singh,116,82,8.487804878048781
2013,IK Pathan,153,159,5.773584905660377
2013,JA Morkel,46,37,7.45945945945946
2013,JH Kallis,311,327,5.706422018348624
2013,JP Faulkner,57,57,6.0
2013,KA Pollard,420,290,8.689655172413794
2013,KC Sangakkara,120,137,5.255474452554745
2013,KD Karthik,510,422,7.251184834123222
2013,KK Nair,9,12,4.5
2013,KL Rahul,20,16,7.5
2013,KM Jadhav,152,127,7.181102362204725
2013,LRPL Taylor,63,77,4.909090909090909
2013,M Manhas,13,17,4.588235294117647
2013,M Vijay,312,293,6.389078498293516
2013,M Vohra,161,117,8.256410256410255
2013,MA Agarwal,67,64,6.28125
2013,MC Henriques,165,127,7.795275590551181
2013,MEK Hussey,733,580,7.582758620689655
2013,MK Pandey,136,139,5.870503597122302
2013,MK Tiwary,146,142,6.169014084507042
2013,MR Marsh,140,109,7.706422018348624
2013,MS Bisla,255,248,6.169354838709678
2013,MS Dhoni,461,298,9.281879194630873
2013,Mandeep Singh,260,228,6.842105263157895
2013,NV Ojha,9,10,5.4
2013,OA Shah,25,24,6.25
2013,PA Patel,294,261,6.758620689655173
2013,PC Valthaty,6,17,2.1176470588235294
2013,PP Chawla,64,60,6.4
2013,Q de Kock,6,16,2.25
2013,R Ashwin,35,50,4.199999999999999
2013,R Dravid,471,433,6.526558891454966
2013,RA Jadeja,201,139,8.676258992805755
2013,RG Sharma,538,415,7.7783132530120485
2013,RV Uthappa,434,385,6.763636363636364
2013,S Badrinath,124,123,6.048780487804878
2013,S Dhawan,311,262,7.122137404580153
2013,SE Marsh,300,256,7.03125
2013,SK Raina,548,370,8.886486486486486
2013,SP Narine,21,20,6.300000000000001
2013,SPD Smith,159,134,7.119402985074627
2013,SR Tendulkar,287,243,7.08641975308642
2013,SR Watson,543,393,8.290076335877863
2013,SS Tiwary,109,113,5.787610619469026
2013,STR Binny,293,204,8.617647058823529
2013,SV Samson,206,179,6.905027932960894
2013,TL Suman,52,58,5.379310344827586
2013,TM Dilshan,76,97,4.701030927835052
2013,V Kohli,639,471,8.140127388535031
2013,V Sehwag,295,244,7.254098360655738
2013,WP Saha,70,57,7.368421052631579
2013,YK Pathan,332,247,8.064777327935223
2013,Yuvraj Singh,238,193,7.398963730569948
2014,AB de Villiers,395,255,9.294117647058824
2014,AD Russell,2,8,1.5
2014,AJ Finch,309,268,6.917910447761194
2014,AM Nayar,43,50,5.16
2014,AM Rahane,339,298,6.825503355704699
2014,AR Patel,62,61,6.0983606557377055
2014,AT Rayudu,361,296,7.317567567567567
2014,BB McCullum,405,341,7.126099706744869
2014,BJ Hodge,101,74,8.18918918918919
2014,CA Lynn,58,52,6.6923076923076925
2014,CH Gayle,196,188,6.25531914893617
2014,CJ Anderson,265,186,8.548387096774194
2014,DA Miller,446,307,8.716612377850163
2014,DA Warner,528,386,8.207253886010363
2014,DJ Bravo,8,3,16.0
2014,DJ Hussey,116,96,7.25
2014,DR Smith,566,425,7.990588235294117
2014,F du Plessis,303,240,7.574999999999999
2014,G Gambhir,335,301,6.677740863787376
2014,GJ Bailey,257,190,8.11578947368421
2014,GJ Maxwell,552,312,10.615384615384615
2014,Harbhajan Singh,28,26,6.461538461538462
2014,IK Pathan,55,58,5.689655172413794
2014,JA Morkel,45,41,6.585365853658537
2014,JH Kallis,151,131,6.916030534351146
2014,JP Duminy,410,311,7.909967845659164
2014,JP Faulkner,181,99,10.969696969696969
2014,KA Pollard,273,208,7.875
2014,KD Karthik,325,261,7.471264367816092
2014,KK Nair,330,237,8.354430379746836
2014,KL Rahul,166,166,6.0
2014,KM Jadhav,149,104,8.596153846153847
2014,KP Pietersen,294,239,7.380753138075313
2014,LMP Simmons,394,299,7.906354515050167
2014,LRPL Taylor,59,62,5.709677419354839
2014,M Manhas,35,26,8.076923076923077
2014,M Vijay,207,197,6.304568527918781
2014,M Vohra,324,244,7.967213114754098
2014,MA Agarwal,115,93,7.419354838709678
2014,MC Henriques,9,14,3.8571428571428577
2014,MEK Hussey,209,187,6.705882352941177
2014,MK Pandey,409,359,6.835654596100278
2014,MK Tiwary,152,123,7.414634146341464
2014,MS Bisla,3,9,2.0
2014,MS Dhoni,371,258,8.627906976744185
2014,Mandeep Singh,24,28,5.142857142857142
2014,NV Ojha,232,170,8.188235294117646
2014,PA Patel,205,191,6.439790575916231
2014,PP Chawla,31,20,9.3
2014,Q de Kock,153,132,6.954545454545455
2014,R Ashwin,45,48,5.625
2014,R Tewatia,16,13,7.384615384615385
2014,RA Jadeja,146,113,7.7522123893805315
2014,RG Sharma,390,307,7.62214983713355
2014,RV Uthappa,660,485,8.164948453608247
2014,S Dhawan,377,332,6.813253012048192
2014,SA Yadav,164,123,8.0
2014,SE Marsh,70,54,7.777777777777778
2014,SK Raina,523,370,8.481081081081081
2014,SP Narine,10,15,4.0
2014,SPD Smith,152,115,7.930434782608695
2014,SR Watson,246,205,7.199999999999999
2014,STR Binny,123,122,6.049180327868852
2014,SV Samson,339,280,7.264285714285714
2014,Shakib Al Hasan,229,160,8.587499999999999
2014,V Kohli,359,301,7.156146179401993
2014,V Sehwag,455,334,8.173652694610778
2014,WP Saha,362,255,8.51764705882353
2014,Y Venugopal Rao,71,65,6.553846153846154
2014,YK Pathan,268,168,9.571428571428573
2014,Yuvraj Singh,376,288,7.833333333333334
2015,AB de Villiers,513,302,10.19205298013245
2015,AD Mathews,144,109,7.926605504587156
2015,AD Russell,326,175,11.177142857142856
2015,AJ Finch,23,33,4.181818181818182
2015,AM Rahane,540,423,7.659574468085107
2015,AR Patel,206,181,6.828729281767956
2015,AT Rayudu,281,195,8.646153846153846
2015,BB McCullum,436,293,8.928327645051194
2015,CH Gayle,491,359,8.206128133704736
2015,CH Morris,76,47,9.702127659574467
2015,CJ Anderson,114,98,6.979591836734693
2015,DA Miller,357,274,7.8175182481751815
2015,DA Warner,562,368,9.16304347826087
2015,DJ Bravo,195,151,7.748344370860927
2015,DJ Hooda,151,99,9.151515151515152
2015,DR Smith,399,341,7.0205278592375375
2015,EJG Morgan,187,154,7.285714285714285
2015,F du Plessis,380,317,7.1924290220820195
2015,G Gambhir,327,288,6.8125
2015,GJ Bailey,259,196,7.928571428571429
2015,GJ Maxwell,146,115,7.6173913043478265
2015,Gurkeerat Singh,35,41,5.121951219512195
2015,HH Pandya,112,68,9.882352941176471
2015,Harbhajan Singh,117,81,8.666666666666666
2015,JA Morkel,86,70,7.371428571428572
2015,JP Duminy,414,327,7.5963302752293576
2015,JP Faulkner,144,116,7.448275862068966
2015,KA Pollard,419,270,9.31111111111111
2015,KD Karthik,141,120,7.050000000000001
2015,KK Nair,181,147,7.387755102040817
2015,KL Rahul,142,133,6.406015037593985
2015,KM Jadhav,189,143,7.93006993006993
2015,KS Williamson,31,29,6.413793103448276
2015,LMP Simmons,540,455,7.1208791208791204
2015,M Vijay,251,233,6.463519313304721
2015,M Vohra,82,83,5.927710843373494
2015,MA Agarwal,213,187,6.834224598930481
2015,MC Henriques,287,216,7.972222222222222
2015,MEK Hussey,77,73,6.328767123287671
2015,MK Pandey,225,187,7.219251336898395
2015,MK Tiwary,57,58,5.896551724137931
2015,MS Bisla,37,30,7.4
2015,MS Dhoni,372,309,7.223300970873786
2015,Mandeep Singh,157,102,9.23529411764706
2015,NV Ojha,137,126,6.523809523809524
2015,PA Patel,339,255,7.976470588235294
2015,PJ Cummins,0,2,0.0
2015,PP Chawla,54,49,6.612244897959183
2015,Q de Kock,122,78,9.384615384615385
2015,R Ashwin,52,34,9.176470588235293
2015,RA Jadeja,132,128,6.1875
2015,RG Sharma,482,339,8.530973451327434
2015,RS Bopara,145,121,7.190082644628099
2015,RV Uthappa,364,287,7.609756097560975
2015,S Dhawan,353,293,7.228668941979522
2015,SA Yadav,157,115,8.191304347826087
2015,SE Marsh,93,65,8.584615384615384
2015,SK Raina,374,319,7.034482758620689
2015,SN Khan,111,72,9.25
2015,SP Narine,0,1,0.0
2015,SPD Smith,298,228,7.842105263157896
2015,SR Watson,347,270,7.711111111111111
2015,SS Iyer,439,360,7.316666666666667
2015,SS Tiwary,109,83,7.879518072289156
2015,STR Binny,74,69,6.434782608695652
2015,SV Samson,204,166,7.373493975903614
2015,Shakib Al Hasan,36,32,6.75
2015,V Kohli,505,395,7.670886075949367
2015,V Sehwag,99,89,6.674157303370787
2015,WP Saha,249,205,7.28780487804878
2015,YK Pathan,312,243,7.703703703703703
2015,Yuvraj Singh,248,215,6.92093023255814
2016,AB de Villiers,687,415,9.932530120481928
2016,AD Russell,188,125,9.024000000000001
2016,AJ Finch,393,311,7.581993569131833
2016,AM Rahane,480,387,7.441860465116279
2016,AR Patel,111,81,8.222222222222223
2016,AT Rayudu,334,284,7.056338028169014
2016,BB McCullum,354,273,7.780219780219781
2016,CA Lynn,25,23,6.521739130434782
2016,CH Gayle,227,159,8.566037735849056
2016,CH Morris,195,114,10.263157894736842
2016,DA Miller,161,139,6.949640287769784
2016,DA Warner,848,579,8.787564766839377
2016,DJ Bravo,99,88,6.75
2016,DJ Hooda,144,125,6.911999999999999
2016,DR Smith,324,226,8.601769911504425
2016,EJG Morgan,123,105,7.0285714285714285
2016,F du Plessis,206,169,7.313609467455621
2016,G Gambhir,501,424,7.089622641509434
2016,GJ Bailey,84,99,5.090909090909091
2016,GJ Maxwell,179,129,8.325581395348838
2016,Gurkeerat Singh,113,87,7.793103448275863
2016,HH Pandya,44,66,4.0
2016,HM Amla,157,122,7.721311475409836
2016,Harbhajan Singh,92,91,6.065934065934066
2016,IK Pathan,11,14,4.714285714285714
2016,Ishan Kishan,42,41,6.146341463414634
2016,JA Morkel,16,9,10.666666666666666
2016,JC Buttler,255,189,8.095238095238095
2016,JP Duminy,191,157,7.2993630573248405
2016,JP Faulkner,77,60,7.700000000000001
2016,KA Pollard,207,156,7.961538461538462
2016,KD Karthik,335,273,7.362637362637363
2016,KH Pandya,237,127,11.196850393700787
2016,KK Nair,357,304,7.046052631578948
2016,KL Rahul,397,277,8.59927797833935
2016,KM Jadhav,42,33,7.636363636363637
2016,KP Pietersen,73,61,7.1803278688524586
2016,KS Williamson,124,126,5.904761904761904
2016,LMP Simmons,8,8,6.0
2016,M Vijay,453,373,7.286863270777479
2016,M Vohra,161,136,7.102941176470589
2016,MA Agarwal,27,26,6.230769230769232
2016,MC Henriques,182,162,6.740740740740741
2016,MK Pandey,248,190,7.831578947368421
2016,MP Stoinis,146,111,7.891891891891893
2016,MR Marsh,7,11,3.8181818181818183
2016,MS Dhoni,284,220,7.745454545454546
2016,N Rana,104,78,8.0
2016,NV Ojha,136,142,5.746478873239436
2016,PA Patel,177,161,6.596273291925465
2016,PP Chawla,27,26,6.230769230769232
2016,Q de Kock,445,340,7.852941176470589
2016,R Ashwin,41,38,6.473684210526316
2016,RA Jadeja,191,189,6.063492063492064
2016,RG Sharma,489,372,7.887096774193548
2016,RR Pant,198,155,7.664516129032258
2016,RV Uthappa,394,300,7.879999999999999
2016,S Dhawan,501,438,6.863013698630136
2016,SA Yadav,182,148,7.378378378378379
2016,SE Marsh,159,134,7.119402985074627
2016,SK Raina,399,321,7.457943925233645
2016,SN Khan,66,31,12.774193548387096
2016,SP Narine,7,14,3.0
2016,SPD Smith,270,184,8.804347826086957
2016,SR Watson,179,135,7.955555555555556
2016,SS Iyer,30,46,3.9130434782608696
2016,SS Tiwary,170,149,6.845637583892617
2016,STR Binny,63,41,9.21951219512195
2016,SV Samson,291,265,6.588679245283019
2016,SW Billings,88,66,8.0
2016,Shakib Al Hasan,114,108,6.333333333333334
2016,TM Head,54,42,7.714285714285715
2016,V Kohli,973,655,8.912977099236642
2016,WP Saha,270,214,7.570093457943925
2016,YK Pathan,361,256,8.4609375
2016,Yuvraj Singh,236,183,7.7377049180327875
2017,AB de Villiers,216,171,7.578947368421052
2017,AD Mathews,32,28,6.857142857142857
2017,AJ Finch,300,190,9.473684210526315
2017,AM Rahane,382,328,6.98780487804878
2017,AR Patel,227,171,7.964912280701754
2017,AT Rayudu,91,80,6.824999999999999
2017,BA Stokes,316,227,8.352422907488986
2017,BB McCullum,320,227,8.458149779735683
2017,CA Lynn,295,175,10.114285714285714
2017,CH Gayle,200,172,6.976744186046512
2017,CH Morris,154,97,9.525773195876289
2017,CJ Anderson,142,130,6.553846153846154
2017,DA Miller,83,82,6.073170731707317
2017,DA Warner,641,462,8.324675324675326
2017,DJ Hooda,78,53,8.830188679245282
2017,DR Smith,239,158,9.075949367088608
2017,EJG Morgan,65,62,6.290322580645161
2017,F du Plessis,8,7,6.857142857142857
2017,G Gambhir,498,405,7.377777777777778
2017,GJ Maxwell,310,186,10.0
2017,HH Pandya,250,172,8.720930232558139
2017,HM Amla,420,296,8.513513513513512
2017,Harbhajan Singh,16,17,5.647058823529411
2017,IK Pathan,2,3,4.0
2017,Ishan Kishan,277,214,7.766355140186915
2017,JC Buttler,273,186,8.806451612903226
2017,JJ Roy,59,41,8.634146341463413
2017,JP Faulkner,54,60,5.4
2017,KA Pollard,395,294,8.061224489795919
2017,KD Karthik,361,268,8.082089552238806
2017,KH Pandya,243,186,7.838709677419354
2017,KK Nair,281,229,7.362445414847162
2017,KM Jadhav,267,194,8.257731958762886
2017,KS Williamson,256,170,9.035294117647059
2017,LMP Simmons,137,116,7.086206896551724
2017,M Vohra,229,170,8.08235294117647
2017,MA Agarwal,26,29,5.379310344827586
2017,MC Henriques,277,205,8.107317073170732
2017,MK Pandey,396,315,7.542857142857143
2017,MK Tiwary,324,242,8.033057851239668
2017,MP Stoinis,17,25,4.08
2017,MS Dhoni,290,261,6.666666666666667
2017,Mandeep Singh,188,178,6.337078651685393
2017,N Rana,333,277,7.212996389891696
2017,NV Ojha,79,70,6.771428571428571
2017,PA Patel,395,308,7.694805194805195
2017,PJ Cummins,77,54,8.555555555555555
2017,PP Chawla,2,6,2.0
2017,R Tewatia,19,11,10.363636363636363
2017,RA Jadeja,158,118,8.033898305084746
2017,RA Tripathi,391,275,8.530909090909091
2017,RG Sharma,333,278,7.187050359712231
2017,RR Pant,366,226,9.716814159292035
2017,RV Uthappa,388,239,9.740585774058577
2017,Rashid Khan,11,9,7.333333333333334
2017,S Dhawan,479,383,7.503916449086161
2017,SA Yadav,105,89,7.078651685393258
2017,SE Marsh,264,198,8.0
2017,SK Raina,442,310,8.55483870967742
2017,SP Narine,224,135,9.955555555555556
2017,SPD Smith,472,400,7.08
2017,SR Watson,71,80,5.324999999999999
2017,SS Iyer,338,249,8.144578313253012
2017,SS Tiwary,52,46,6.782608695652174
2017,STR Binny,78,77,6.077922077922077
2017,SV Samson,386,275,8.421818181818182
2017,SW Billings,138,107,7.738317757009345
2017,Shakib Al Hasan,1,1,6.0
2017,TM Head,151,109,8.311926605504587
2017,V Kohli,308,257,7.190661478599221
2017,V Shankar,101,77,7.870129870129871
2017,WP Saha,234,194,7.237113402061855
2017,YK Pathan,143,123,6.975609756097561
2017,Yuvraj Singh,252,188,8.042553191489361
2018,AB de Villiers,480,280,10.285714285714285
2018,AD Russell,316,179,10.59217877094972
2018,AJ Finch,134,102,7.882352941176471
2018,AM Rahane,370,321,6.915887850467289
2018,AR Patel,80,71,6.76056338028169
2018,AT Rayudu,602,410,8.809756097560975
2018,Abhishek Sharma,63,35,10.8
2018,BA Stokes,196,166,7.0843373493975905
2018,BB McCullum,127,91,8.373626373626372
2018,CA Lynn,491,382,7.712041884816754
2018,CH Gayle,368,261,8.459770114942529
2018,CH Morris,46,26,10.615384615384615
2018,CJ Anderson,17,22,4.636363636363637
2018,DA Miller,74,66,6.727272727272727
2018,DJ Bravo,141,93,9.096774193548388
2018,DJ Hooda,87,86,6.069767441860465
2018,E Lewis,382,290,7.903448275862068
2018,F du Plessis,162,130,7.476923076923077
2018,G Gambhir,85,91,5.604395604395604
2018,GJ Maxwell,169,122,8.311475409836067
2018,H Klaasen,57,48,7.125
2018,HH Pandya,260,205,7.609756097560975
2018,Harbhajan Singh,29,38,4.578947368421053
2018,Ishan Kishan,275,187,8.823529411764707
2018,JC Buttler,548,365,9.008219178082193
2018,JJ Roy,120,98,7.346938775510204
2018,JP Duminy,36,46,4.695652173913044
2018,KA Pollard,133,104,7.6730769230769225
2018,KD Karthik,498,349,8.56160458452722
2018,KH Pandya,228,164,8.341463414634145
2018,KK Nair,301,225,8.026666666666667
2018,KL Rahul,659,426,9.28169014084507
2018,KM Jadhav,24,23,6.260869565217391
2018,KS Williamson,735,522,8.448275862068964
2018,M Vijay,12,11,6.545454545454545
2018,M Vohra,55,50,6.6000000000000005
2018,MA Agarwal,120,94,7.659574468085107
2018,MK Lomror,20,21,5.7142857142857135
2018,MK Pandey,284,257,6.63035019455253
2018,MK Tiwary,47,45,6.2666666666666675
2018,MM Ali,77,46,10.043478260869566
2018,MP Stoinis,99,78,7.615384615384615
2018,MS Dhoni,455,321,8.504672897196262
2018,Mandeep Singh,252,193,7.834196891191709
2018,N Rana,304,238,7.663865546218487
2018,NV Ojha,1,4,1.5
2018,PA Patel,153,109,8.422018348623853
2018,PP Chawla,27,36,4.5
2018,PP Shaw,245,165,8.90909090909091
2018,Q de Kock,201,164,7.353658536585366
2018,R Ashwin,102,76,8.052631578947368
2018,R Tewatia,50,47,6.382978723404255
2018,RA Jadeja,89,80,6.675000000000001
2018,RA Tripathi,226,173,7.8381502890173405
2018,RG Sharma,286,223,7.695067264573991
2018,RK Singh,29,34,5.117647058823529
2018,RR Pant,684,412,9.96116504854369
2018,RV Uthappa,351,274,7.686131386861314
2018,Rashid Khan,59,32,11.0625
2018,S Dhawan,497,379,7.868073878627968
2018,SA Yadav,512,391,7.856777493606138
2018,SK Raina,445,354,7.542372881355932
2018,SN Khan,51,43,7.116279069767442
2018,SP Narine,357,198,10.818181818181818
2018,SR Watson,555,368,9.048913043478262
2018,SS Iyer,411,317,7.779179810725552
2018,STR Binny,44,39,6.769230769230769
2018,SV Samson,441,325,8.141538461538461
2018,SW Billings,108,78,8.307692307692307
2018,Shakib Al Hasan,239,203,7.064039408866995
2018,Shubman Gill,203,142,8.577464788732396
2018,V Kohli,530,385,8.25974025974026
2018,V Shankar,212,156,8.153846153846153
2018,WP Saha,122,108,6.777777777777777
2018,YK Pathan,260,211,7.3933649289099534
2018,Yuvraj Singh,65,74,5.27027027027027
2019,AB de Villiers,442,294,9.020408163265305
2019,AD Russell,514,274,11.255474452554745
2019,AM Rahane,393,289,8.15916955017301
2019,AR Patel,110,90,7.333333333333334
2019,AT Rayudu,282,307,5.511400651465798
2019,Abhishek Sharma,9,10,5.4
2019,BA Stokes,123,100,7.38
2019,CA Lynn,405,296,8.20945945945946
2019,CH Gayle,490,338,8.698224852071007
2019,CH Morris,32,38,5.052631578947368
2019,DA Miller,213,174,7.344827586206896
2019,DA Warner,692,496,8.370967741935484
2019,DJ Bravo,80,68,7.0588235294117645
2019,DJ Hooda,64,68,5.647058823529411
2019,E Lewis,48,53,5.433962264150944
2019,F du Plessis,396,326,7.288343558282209
2019,Gurkeerat Singh,98,73,8.054794520547945
2019,H Klaasen,9,10,5.4
2019,HH Pandya,409,225,10.906666666666666
2019,Harbhajan Singh,1,3,2.0
2019,Ishan Kishan,101,104,5.826923076923077
2019,JC Buttler,311,213,8.76056338028169
2019,JM Bairstow,445,292,9.143835616438356
2019,KA Pollard,281,186,9.064516129032258
2019,KD Karthik,254,180,8.466666666666667
2019,KH Pandya,183,158,6.949367088607595
2019,KK Nair,5,6,5.0
2019,KL Rahul,593,447,7.959731543624161
2019,KM Jadhav,162,172,5.651162790697675
2019,KS Williamson,156,134,6.985074626865671
2019,LS Livingstone,70,48,8.75
2019,M Vijay,64,61,6.295081967213115
2019,MA Agarwal,332,241,8.265560165975103
2019,MK Lomror,8,3,16.0
2019,MK Pandey,345,268,7.723880597014926
2019,MM Ali,220,137,9.635036496350365
2019,MP Stoinis,211,159,7.962264150943396
2019,MS Dhoni,416,317,7.873817034700316
2019,Mandeep Singh,165,122,8.114754098360656
2019,N Pooran,168,110,9.163636363636364
2019,N Rana,344,240,8.6
2019,P Simran Singh,16,18,5.333333333333333
2019,PA Patel,373,273,8.197802197802197
2019,PP Chawla,42,38,6.631578947368421
2019,PP Shaw,353,270,7.844444444444444
2019,Q de Kock,529,404,7.856435643564357
2019,R Ashwin,42,28,9.0
2019,R Parag,160,133,7.2180451127819545
2019,R Tewatia,26,22,7.090909090909092
2019,RA Jadeja,106,94,6.76595744680851
2019,RA Tripathi,141,122,6.9344262295081975
2019,RG Sharma,405,319,7.61755485893417
2019,RK Singh,37,34,6.529411764705882
2019,RR Pant,494,311,9.530546623794212
2019,RV Uthappa,284,256,6.65625
2019,Rashid Khan,34,26,7.846153846153847
2019,S Dhawan,521,391,7.994884910485933
2019,S Dube,40,33,7.272727272727273
2019,SA Yadav,424,327,7.779816513761467
2019,SK Raina,383,321,7.158878504672897
2019,SM Curran,95,55,10.363636363636363
2019,SN Khan,180,145,7.448275862068966
2019,SO Hetmyer,90,76,7.105263157894736
2019,SP Narine,143,90,9.533333333333333
2019,SPD Smith,319,283,6.763250883392226
2019,SR Watson,398,321,7.439252336448598
2019,SS Iyer,467,399,7.022556390977444
2019,STR Binny,70,42,10.0
2019,SV Samson,342,238,8.621848739495798
2019,SW Billings,0,5,0.0
2019,Shakib Al Hasan,9,11,4.909090909090909
2019,Shubman Gill,296,242,7.338842975206611
2019,V Kohli,464,332,8.3855421686747
2019,V Shankar,244,196,7.469387755102041
2019,WP Saha,86,55,9.381818181818183
2019,YK Pathan,40,47,5.1063829787234045
2019,Yuvraj Singh,98,83,7.0843373493975905
2020/21,AB de Villiers,460,296,9.324324324324323
2020/21,AD Russell,117,82,8.560975609756097
2020/21,AJ Finch,268,254,6.330708661417322
2020/21,AM Rahane,113,113,6.0
2020/21,AR Patel,117,90,7.800000000000001
2020/21,AT Rayudu,359,289,7.453287197231834
2020/21,Abdul Samad,113,68,9.970588235294118
2020/21,Abhishek Sharma,71,59,7.220338983050847
2020/21,BA Stokes,285,207,8.26086956521739
2020/21,CH Gayle,295,225,7.866666666666667
2020/21,CH Morris,34,21,9.714285714285715
2020/21,D Padikkal,473,398,7.130653266331658
2020/21,DA Warner,548,423,7.7730496453900715
2020/21,DJ Bravo,7,6,7.0
2020/21,DJ Hooda,102,74,8.27027027027027
2020/21,EJG Morgan,419,314,8.006369426751593
2020/21,F du Plessis,449,329,8.188449848024316
2020/21,GJ Maxwell,108,112,5.785714285714286
2020/21,Gurkeerat Singh,71,83,5.132530120481928
2020/21,HH Pandya,283,167,10.167664670658683
2020/21,Ishan Kishan,516,361,8.57617728531856
2020/21,JC Buttler,328,233,8.446351931330472
2020/21,JM Bairstow,345,284,7.288732394366198
2020/21,KA Pollard,281,157,10.738853503184714
2020/21,KD Karthik,169,137,7.401459854014599
2020/21,KH Pandya,109,92,7.108695652173912
2020/21,KK Nair,16,14,6.857142857142857
2020/21,KL Rahul,676,531,7.638418079096045
2020/21,KM Jadhav,62,68,5.470588235294118
2020/21,KS Williamson,317,241,7.8921161825726145
2020/21,M Vijay,32,44,4.363636363636363
2020/21,MA Agarwal,432,285,9.094736842105263
2020/21,MK Lomror,59,54,6.555555555555555
2020/21,MK Pandey,425,350,7.285714285714285
2020/21,MM Ali,12,16,4.5
2020/21,MP Stoinis,352,250,8.448
2020/21,MR Marsh,0,1,0.0
2020/21,MS Dhoni,200,175,6.857142857142857
2020/21,Mandeep Singh,130,111,7.027027027027027
2020/21,N Pooran,353,215,9.851162790697675
2020/21,N Rana,352,260,8.123076923076923
2020/21,P Simran Singh,15,15,6.0
2020/21,PJ Cummins,146,120,7.299999999999999
2020/21,PP Shaw,228,170,8.047058823529412
2020/21,Q de Kock,506,368,8.25
2020/21,R Ashwin,37,34,6.529411764705882
2020/21,R Parag,86,81,6.37037037037037
2020/21,R Tewatia,255,187,8.181818181818182
2020/21,RA Jadeja,232,142,9.802816901408452
2020/21,RA Tripathi,230,186,7.419354838709678
2020/21,RD Gaikwad,204,173,7.075144508670521
2020/21,RG Sharma,334,275,7.287272727272727
2020/21,RK Singh,11,11,6.0
2020/21,RR Pant,345,319,6.489028213166144
2020/21,RV Uthappa,196,170,6.917647058823529
2020/21,Rashid Khan,35,32,6.5625
2020/21,S Dhawan,618,433,8.5635103926097
2020/21,S Dube,129,109,7.100917431192661
2020/21,SA Yadav,480,340,8.470588235294118
2020/21,SM Curran,186,145,7.69655172413793
2020/21,SN Khan,33,30,6.6000000000000005
2020/21,SO Hetmyer,185,127,8.740157480314961
2020/21,SP Narine,121,92,7.891304347826088
2020/21,SPD Smith,311,247,7.554655870445345
2020/21,SR Watson,299,254,7.062992125984252
2020/21,SS Iyer,519,433,7.191685912240185
2020/21,SS Tiwary,103,81,7.62962962962963
2020/21,SV Samson,375,242,9.297520661157025
2020/21,Shahbaz Ahmed,1,1,6.0
2020/21,Shubman Gill,440,382,6.910994764397906
2020/21,V Kohli,471,402,7.029850746268656
2020/21,V Shankar,97,99,5.878787878787879
2020/21,WP Saha,214,159,8.075471698113207
2020/21,YBK Jaiswal,40,44,5.454545454545454
2021,AB de Villiers,313,215,8.734883720930233
2021,AD Russell,183,127,8.645669291338583
2021,AK Markram,146,123,7.121951219512195
2021,AM Rahane,8,9,5.333333333333333
2021,AR Patel,40,52,4.615384615384616
2021,AT Rayudu,257,175,8.811428571428571
2021,Abdul Samad,111,89,7.4831460674157295
2021,Abhishek Sharma,98,78,7.538461538461538
2021,BA Stokes,0,3,0.0
2021,CA Lynn,49,36,8.166666666666668
2021,CH Gayle,193,160,7.237500000000001
2021,CH Morris,67,53,7.584905660377358
2021,D Padikkal,411,342,7.2105263157894735
2021,DA Miller,124,115,6.469565217391304
2021,DA Warner,197,191,6.188481675392669
2021,DJ Bravo,47,22,12.818181818181817
2021,DJ Hooda,160,125,7.68
2021,E Lewis,151,96,9.4375
2021,EJG Morgan,133,142,5.619718309859155
2021,F du Plessis,633,471,8.063694267515924
2021,GJ Maxwell,513,373,8.25201072386059
2021,HH Pandya,127,116,6.568965517241379
2021,Harbhajan Singh,4,4,6.0
2021,Ishan Kishan,241,182,7.945054945054945
2021,JC Buttler,254,173,8.809248554913296
2021,JJ Roy,150,125,7.199999999999999
2021,JM Bairstow,248,179,8.312849162011174
2021,KA Pollard,245,180,8.166666666666668
2021,KD Karthik,223,172,7.779069767441861
2021,KH Pandya,143,126,6.809523809523809
2021,KL Rahul,626,465,8.07741935483871
2021,KM Jadhav,55,55,6.0
2021,KS Williamson,270,250,6.48
2021,LS Livingstone,42,43,5.8604651162790695
2021,M Shahrukh Khan,153,118,7.779661016949153
2021,M Vohra,42,40,6.300000000000001
2021,MA Agarwal,441,324,8.166666666666668
2021,MC Henriques,31,32,5.8125
2021,MK Lomror,94,76,7.421052631578948
2021,MK Pandey,292,246,7.121951219512195
2021,MM Ali,357,270,7.933333333333334
2021,MP Stoinis,89,74,7.216216216216216
2021,MS Dhoni,114,111,6.162162162162161
2021,Mandeep Singh,15,14,6.428571428571429
2021,N Pooran,85,77,6.623376623376624
2021,N Rana,383,325,7.070769230769231
2021,P Simran Singh,19,23,4.956521739130435
2021,PJ Cummins,93,60,9.3
2021,PP Chawla,0,2,0.0
2021,PP Shaw,479,308,9.331168831168831
2021,Q de Kock,297,261,6.827586206896552
2021,R Ashwin,44,43,6.1395348837209305
2021,R Parag,93,84,6.642857142857143
2021,R Tewatia,155,152,6.118421052631579
2021,RA Jadeja,227,170,8.011764705882353
2021,RA Tripathi,397,285,8.357894736842105
2021,RD Gaikwad,635,474,8.037974683544304
2021,RG Sharma,381,307,7.446254071661238
2021,RM Patidar,71,65,6.553846153846154
2021,RR Pant,424,343,7.4169096209912535
2021,RV Uthappa,115,86,8.023255813953488
2021,Rashid Khan,83,71,7.014084507042254
2021,S Dhawan,587,480,7.3375
2021,S Dube,230,205,6.731707317073171
2021,SA Yadav,317,226,8.415929203539823
2021,SK Raina,160,133,7.2180451127819545
2021,SM Curran,56,30,11.2
2021,SN Khan,0,4,0.0
2021,SO Hetmyer,242,153,9.490196078431373
2021,SP Narine,62,51,7.2941176470588225
2021,SPD Smith,152,136,6.705882352941177
2021,SS Iyer,175,181,5.801104972375691
2021,SS Tiwary,115,99,6.969696969696969
2021,SV Samson,484,372,7.806451612903226
2021,Shahbaz Ahmed,59,55,6.4363636363636365
2021,Shakib Al Hasan,47,50,5.64
2021,Shubman Gill,478,415,6.910843373493976
2021,TH David,1,3,2.0
2021,V Kohli,405,347,7.002881844380404
2021,V Shankar,58,52,6.6923076923076925
2021,VR Iyer,370,299,7.424749163879599
2021,WP Saha,131,144,5.458333333333333
2021,YBK Jaiswal,249,168,8.892857142857142
2022,A Badoni,161,139,6.949640287769784
2022,AD Russell,335,200,10.05
2022,AJ Finch,86,70,7.371428571428572
2022,AK Markram,381,277,8.252707581227437
2022,AM Rahane,133,131,6.091603053435115
2022,AR Patel,182,122,8.950819672131148
2022,AT Rayudu,274,230,7.147826086956522
2022,Abdul Samad,4,7,3.4285714285714284
2022,Abhishek Sharma,426,329,7.768996960486321
2022,B Sai Sudharsan,145,118,7.372881355932204
2022,D Padikkal,376,317,7.116719242902208
2022,DA Miller,481,348,8.293103448275861
2022,DA Warner,432,301,8.611295681063122
2022,DJ Bravo,23,26,5.3076923076923075
2022,DJ Hooda,451,340,7.958823529411765
2022,DP Conway,252,176,8.590909090909092
2022,E Lewis,73,60,7.299999999999999
2022,F du Plessis,468,377,7.448275862068966
2022,GJ Maxwell,301,184,9.815217391304348
2022,HH Pandya,487,387,7.550387596899226
2022,Ishan Kishan,418,355,7.064788732394366
2022,JC Buttler,863,596,8.68791946308725
2022,JM Bairstow,253,180,8.433333333333334
2022,JM Sharma,234,149,9.422818791946309
2022,KA Pollard,144,146,5.917808219178082
2022,KD Karthik,330,188,10.53191489361702
2022,KH Pandya,183,150,7.32
2022,KK Nair,16,18,5.333333333333333
2022,KL Rahul,616,472,7.830508474576272
2022,KS Williamson,216,235,5.514893617021277
2022,LS Livingstone,437,261,10.045977011494251
2022,M Shahrukh Khan,117,118,5.9491525423728815
2022,M Vohra,19,12,9.5
2022,MA Agarwal,196,167,7.04191616766467
2022,MK Lomror,86,60,8.6
2022,MK Pandey,88,84,6.2857142857142865
2022,MM Ali,244,183,8.0
2022,MP Stoinis,156,116,8.068965517241379
2022,MR Marsh,251,192,7.84375
2022,MS Dhoni,232,198,7.03030303030303
2022,Mandeep Singh,18,24,4.5
2022,N Pooran,306,228,8.052631578947368
2022,N Rana,361,259,8.362934362934364
2022,P Simran Singh,14,11,7.636363636363637
2022,PJ Cummins,63,24,15.75
2022,PP Shaw,283,193,8.797927461139897
2022,Q de Kock,508,350,8.708571428571428
2022,R Ashwin,191,140,8.185714285714287
2022,R Parag,183,136,8.073529411764707
2022,R Tewatia,217,156,8.346153846153847
2022,RA Jadeja,116,105,6.628571428571429
2022,RA Tripathi,413,271,9.14391143911439
2022,RD Gaikwad,368,298,7.409395973154362
2022,RG Sharma,268,234,6.871794871794871
2022,RK Singh,174,125,8.352
2022,RM Patidar,333,232,8.612068965517242
2022,RR Pant,340,234,8.717948717948717
2022,RV Uthappa,230,181,7.624309392265194
2022,Rashid Khan,91,44,12.40909090909091
2022,S Dhawan,460,395,6.987341772151899
2022,S Dube,289,194,8.938144329896907
2022,SA Yadav,303,210,8.657142857142857
2022,SN Khan,91,69,7.91304347826087
2022,SO Hetmyer,314,221,8.524886877828054
2022,SP Narine,71,40,10.649999999999999
2022,SS Iyer,401,310,7.761290322580645
2022,SV Samson,458,321,8.560747663551401
2022,SW Billings,169,143,7.090909090909092
2022,Shahbaz Ahmed,219,197,6.670050761421319
2022,Shubman Gill,483,374,7.748663101604278
2022,TH David,186,91,12.263736263736263
2022,Tilak Varma,397,313,7.610223642172524
2022,V Kohli,341,306,6.686274509803922
2022,V Shankar,19,36,3.166666666666667
2022,VR Iyer,182,175,6.24
2022,WP Saha,317,266,7.150375939849624
2022,YBK Jaiswal,258,198,7.818181818181818
2023,A Badoni,238,186,7.67741935483871
2023,AD Russell,227,162,8.407407407407408
2023,AK Markram,248,200,7.4399999999999995
2023,AM Rahane,326,193,10.134715025906736
2023,AR Patel,283,216,7.861111111111111
2023,AT Rayudu,158,115,8.243478260869566
2023,Abdul Samad,169,131,7.740458015267176
2023,Abhishek Sharma,226,166,8.168674698795181
2023,B Sai Sudharsan,362,264,8.227272727272727
2023,BA Stokes,15,15,6.0
2023,C Green,452,287,9.449477351916375
2023,D Padikkal,261,206,7.601941747572816
2023,DA Miller,259,184,8.445652173913043
2023,DA Warner,516,406,7.625615763546798
2023,DJ Hooda,84,93,5.419354838709677
2023,DP Conway,672,493,8.178498985801216
2023,F du Plessis,730,483,9.068322981366459
2023,GJ Maxwell,400,225,10.666666666666666
2023,H Klaasen,448,262,10.259541984732824
2023,HH Pandya,346,254,8.173228346456693
2023,Ishan Kishan,454,325,8.381538461538462
2023,JC Buttler,392,298,7.89261744966443
2023,JJ Roy,285,196,8.724489795918368
2023,JM Sharma,309,205,9.04390243902439
2023,KD Karthik,140,106,7.924528301886792
2023,KH Pandya,188,172,6.55813953488372
2023,KL Rahul,274,247,6.65587044534413
2023,KM Jadhav,12,10,7.199999999999999
2023,LS Livingstone,279,175,9.565714285714286
2023,M Shahrukh Khan,156,100,9.36
2023,M Vohra,10,11,5.454545454545454
2023,MA Agarwal,270,219,7.397260273972603
2023,MK Lomror,135,101,8.01980198019802
2023,MK Pandey,160,149,6.442953020134228
2023,MM Ali,124,92,8.08695652173913
2023,MP Stoinis,408,281,8.711743772241993
2023,MR Marsh,128,97,7.917525773195877
2023,MS Dhoni,104,63,9.904761904761905
2023,Mandeep Singh,14,16,5.25
2023,N Pooran,358,217,9.898617511520737
2023,N Rana,413,303,8.178217821782178
2023,P Simran Singh,358,245,8.76734693877551
2023,PD Salt,218,135,9.68888888888889
2023,PP Chawla,25,22,6.818181818181818
2023,PP Shaw,106,90,7.066666666666666
2023,Q de Kock,143,103,8.330097087378642
2023,R Ashwin,67,55,7.3090909090909095
2023,R Parag,78,68,6.88235294117647
2023,R Tewatia,87,61,8.557377049180328
2023,RA Jadeja,190,138,8.26086956521739
2023,RA Tripathi,273,217,7.548387096774194
2023,RD Gaikwad,590,411,8.613138686131387
2023,RG Sharma,332,258,7.72093023255814
2023,RK Singh,474,333,8.54054054054054
2023,Rashid Khan,130,66,11.818181818181818
2023,S Dhawan,373,275,8.138181818181819
2023,S Dube,418,277,9.054151624548735
2023,SA Yadav,605,340,10.676470588235293
2023,SM Curran,276,213,7.774647887323944
2023,SN Khan,53,62,5.129032258064516
2023,SO Hetmyer,299,205,8.75121951219512
2023,SP Narine,21,28,4.5
2023,SV Samson,362,240,9.05
2023,Shahbaz Ahmed,42,41,6.146341463414634
2023,Shubman Gill,890,582,9.175257731958762
2023,TH David,231,155,8.941935483870967
2023,Tilak Varma,343,226,9.106194690265486
2023,V Kohli,639,473,8.105708245243129
2023,V Shankar,301,199,9.075376884422111
2023,VR Iyer,404,288,8.416666666666666
2023,WP Saha,371,297,7.494949494949495
2023,YBK Jaiswal,625,397,9.445843828715365
2024,A Badoni,235,180,7.833333333333334
2024,AD Russell,222,141,9.446808510638299
2024,AK Markram,220,187,7.0588235294117645
2024,AM Rahane,242,200,7.26
2024,AR Patel,235,183,7.704918032786885
2024,Abdul Samad,182,113,9.663716814159292
2024,Abhishek Sharma,484,248,11.70967741935484
2024,B Sai Sudharsan,527,388,8.149484536082475
2024,C Green,255,185,8.27027027027027
2024,D Padikkal,38,60,3.8
2024,DA Miller,210,149,8.456375838926174
2024,DA Warner,168,130,7.753846153846155
2024,DJ Hooda,145,107,8.130841121495328
2024,F du Plessis,438,276,9.521739130434781
2024,GJ Maxwell,52,46,6.782608695652174
2024,H Klaasen,479,293,9.808873720136518
2024,HH Pandya,216,154,8.415584415584416
2024,Ishan Kishan,320,222,8.64864864864865
2024,JC Buttler,359,266,8.097744360902256
2024,JM Bairstow,298,197,9.076142131979696
2024,JM Sharma,187,147,7.63265306122449
2024,KD Karthik,326,195,10.03076923076923
2024,KH Pandya,133,112,7.125
2024,KL Rahul,520,398,7.839195979899499
2024,KS Williamson,27,27,6.0
2024,LS Livingstone,111,82,8.121951219512196
2024,M Shahrukh Khan,127,77,9.896103896103895
2024,MA Agarwal,64,59,6.508474576271187
2024,MK Lomror,125,74,10.135135135135135
2024,MK Pandey,42,33,7.636363636363637
2024,MM Ali,128,105,7.314285714285715
2024,MP Stoinis,388,272,8.558823529411764
2024,MR Marsh,61,41,8.926829268292682
2024,MS Dhoni,161,82,11.78048780487805
2024,N Pooran,499,296,10.114864864864865
2024,N Rana,42,35,7.199999999999999
2024,P Simran Singh,334,216,9.277777777777779
2024,PD Salt,435,250,10.44
2024,PJ Cummins,136,99,8.242424242424242
2024,PP Chawla,15,15,6.0
2024,PP Shaw,198,125,9.504000000000001
2024,Q de Kock,250,194,7.731958762886599
2024,R Ashwin,86,76,6.789473684210526
2024,R Parag,573,407,8.447174447174447
2024,R Tewatia,188,139,8.115107913669064
2024,RA Jadeja,267,191,8.387434554973822
2024,RA Tripathi,165,121,8.181818181818182
2024,RD Gaikwad,583,425,8.230588235294118
2024,RG Sharma,417,293,8.53924914675768
2024,RK Singh,168,117,8.615384615384615
2024,RM Patidar,395,237,10.0
2024,RR Pant,446,296,9.04054054054054
2024,Rashid Khan,102,75,8.16
2024,S Dhawan,152,125,7.295999999999999
2024,S Dube,396,259,9.173745173745175
2024,SA Yadav,345,209,9.904306220095695
2024,SM Curran,270,230,7.043478260869566
2024,SO Hetmyer,113,72,9.416666666666666
2024,SP Narine,488,292,10.027397260273972
2024,SS Iyer,351,250,8.424
2024,SV Samson,531,367,8.681198910081743
2024,Shahbaz Ahmed,215,173,7.456647398843931
2024,Shubman Gill,426,295,8.664406779661018
2024,TH David,241,168,8.607142857142858
2024,TM Head,567,307,11.081433224755699
2024,Tilak Varma,416,291,8.577319587628866
2024,V Kohli,741,497,8.945674044265594
2024,V Shankar,83,75,6.640000000000001
2024,VR Iyer,370,238,9.327731092436975
2024,WP Saha,136,120,6.8
2024,YBK Jaiswal,435,288,9.0625
